"","Scientific_name","Lastest_revision","Code","Class","Order","Family.x","Genus.x","Scientific_name_2024","Common_name","Diet","Strata","IUCN","Note","MSW3_ID","Genus.y","Species","Family.y","Diet.Inv","Diet.Vend","Diet.Vect","Diet.Vfish","Diet.Vunk","Diet.Scav","Diet.Fruit","Diet.Nect","Diet.Seed","Diet.PlantO","Diet.Source","Diet.Certainty","ForStrat.Value","ForStrat.Certainty","ForStrat.Comment","Activity.Nocturnal","Activity.Crepuscular","Activity.Diurnal","Activity.Source","Activity.Certainty","BodyMass.Value","BodyMass.Source","BodyMass.SpecLevel","Full.Reference","scientificNameStd"
"1","Alouatta seniculus","30/04/23","ALOSEN","Mammalia","Primata","Atelidae","Alouatta","Alouatta seniculus","Columbian red howler monkey","Herbivore","Arboreal","LC","",627,"Alouatta","seniculus","Atelidae",0,0,0,0,0,0,40,0,0,60,"Ref_1","ABC","Ar","A","",0,0,1,"Ref_1","ABC",6145.54,"Ref_117",1,"Nowak R.M. (1999). Walker's mammals of the world. Sixth edition edn. The Johns Hopkins University Press, Baltimore, Maryland","Alouatta seniculus"
"2","Aotus vociferans","30/04/23","AOTVOC","Mammalia","Primata","Aotidae","Aotus","Aotus vociferans","Spix's night monkey","Herbivore","Arboreal","LC","",640,"Aotus","vociferans","Aotidae",20,0,0,0,10,0,20,10,20,20,"Ref_1","ABC","Ar","A","",1,0,0,"Ref_1","ABC",872.99,"Ref_117",1,"Nowak R.M. (1999). Walker's mammals of the world. Sixth edition edn. The Johns Hopkins University Press, Baltimore, Maryland","Aotus vociferans"
"3","Ateles belzebuth","30/04/23","ATEBEL","Mammalia","Primata","Atelidae","Ateles","Ateles belzebuth","White-bellied spider monkey","Herbivore","Arboreal","EN","Wierdly the IUCN range is missing any info in Ecuador so strange",619,"Ateles","belzebuth","Atelidae",10,0,0,0,10,0,60,0,10,10,"Ref_1","ABC","Ar","A","",0,0,1,"Ref_1","ABC",5000,"Ref_117",1,"Nowak R.M. (1999). Walker's mammals of the world. Sixth edition edn. The Johns Hopkins University Press, Baltimore, Maryland","Ateles belzebuth"
"4","Atelocynus microtis","30/04/23","ATEMIC","Mammalia","Carnivora","Canidae","Atelocynus","Atelocynus microtis","Short-eared dog","Herbivore","Terrestrial","NT","",4924,"Atelocynus","microtis","Canidae",0,80,0,0,0,0,0,0,0,20,"Ref_1","ABC","G","A","",1,0,0,"Ref_1","ABC",7749.97,"Ref_117",1,"Nowak R.M. (1999). Walker's mammals of the world. Sixth edition edn. The Johns Hopkins University Press, Baltimore, Maryland","Atelocynus microtis"
"5","Bassaricyon alleni","10/05/23","BASALE","Mammalia","Carnivora","Procyonidae","Bassaricyon","Bassaricyon alleni","Eastern lowland olingo","Omnivore","Mixed","LC","Added by me was not in here anywhere oddly",5063,"Bassaricyon","alleni","Procyonidae",20,10,0,0,0,0,70,0,0,0,"Ref_1","ABC","Ar","A","",1,1,0,"Ref_1","ABC",1235.01,"Ref_117",1,"Nowak R.M. (1999). Walker's mammals of the world. Sixth edition edn. The Johns Hopkins University Press, Baltimore, Maryland","Bassaricyon alleni"
"6","Bradypus variegatus","30/04/23","BRAVAR","Mammalia","Pilosa","Bradypodidae","Bradypus","Bradypus variegatus","Brown-throated sloth","Herbivore","Arboreal","LC","",440,"Bradypus","variegatus","Bradypodidae",0,0,0,0,0,0,0,0,0,100,"Ref_1","ABC","Ar","A","",1,1,1,"Ref_1","ABC",4335.01,"Ref_117",1,"Nowak R.M. (1999). Walker's mammals of the world. Sixth edition edn. The Johns Hopkins University Press, Baltimore, Maryland","Bradypus variegatus"
"7","Cabassous unicinctus","30/04/23","CABUNI","Mammalia","Cingulata","Chlamyphoridae","Cabassous","Cabassous unicinctus","Southern naked-tailed armadillo","Herbivore","Terrestrial","LC","",430,"Cabassous","unicinctus","Dasypodidae",100,0,0,0,0,0,0,0,0,0,"Ref_1","ABC","G","A","",1,1,0,"Ref_1","ABC",4799.99,"Ref_117",1,"Nowak R.M. (1999). Walker's mammals of the world. Sixth edition edn. The Johns Hopkins University Press, Baltimore, Maryland","Cabassous unicinctus"
"8","Callicebus discolor","30/04/23","PLEDIS","Mammalia","Primata","Pitheciidae","Plecturocebus","Plecturocebus discolor","Red titi monkey","Herbivore","Arboreal","LC","",662,"Callicebus","discolor","Pitheciidae",20,0,0,0,0,0,50,0,0,30,"Ref_1","ABC","Ar","A","",0,0,1,"Ref_1","ABC",1005,"Ref_127",1,"Nowak R.M. (1999). Walker's mammals of the world. Sixth edition edn. The Johns Hopkins University Press, Baltimore, Maryland","Plecturocebus discolor"
"9","Callithrix pygmaea","30/04/23","CEBNIV","Mammalia","Primata","Callitrichidae","Cebuella","Cebuella pygmaea","Western pygmy marmoset","Herbivore","Arboreal","VU","",594,"Callithrix","pygmaea","Cebidae",20,0,0,0,20,0,0,60,0,0,"Ref_1","ABC","Ar","A","",0,0,1,"Ref_1","ABC",125,"Ref_117",1,"Nowak R.M. (1999). Walker's mammals of the world. Sixth edition edn. The Johns Hopkins University Press, Baltimore, Maryland","Cebuella pygmaea"
"10","Caluromys lanatus","30/04/23","CALLAN","Mammalia","Didelphimorpha","Didelphidae","Caluromys","Caluromys lanatus","Brown-eared woolly opossum","Omnivore","Mixed","LC","",8,"Caluromys","lanatus","Didelphidae",20,0,0,0,10,0,20,0,10,40,"Ref_1","ABC","Ar","A","",1,1,0,"Ref_1","ABC",325,"Ref_117",1,"Nowak R.M. (1999). Walker's mammals of the world. Sixth edition edn. The Johns Hopkins University Press, Baltimore, Maryland","Caluromys lanatus"
"11","Cebus albifrons","30/04/23","CEBYUR","Mammalia","Primata","Cebidae","Cebus","Cebus albifrons","White-fronted capuchin","Herbivore","Arboreal","LC","",606,"Cebus","albifrons","Cebidae",20,0,0,0,10,0,20,10,20,20,"Ref_1","ABC","Ar","A","",0,0,1,"Ref_1","ABC",2629,"Ref_117",1,"Nowak R.M. (1999). Walker's mammals of the world. Sixth edition edn. The Johns Hopkins University Press, Baltimore, Maryland","Cebus abifrons"
"12","Chironectes minimus","30/04/23","CHIMIN","Mammalia","Didelphimorpha","Didelphidae","Chironectes","Chironectes minimus","Water opossum","Carnivore","Mixed","LC","Possibly not in study because so dependent on river",11,"Chironectes","minimus","Didelphidae",50,0,0,30,0,0,0,0,0,20,"Ref_1","ABC","G","A","",1,0,0,"Ref_1","ABC",946,"Ref_117",1,"Nowak R.M. (1999). Walker's mammals of the world. Sixth edition edn. The Johns Hopkins University Press, Baltimore, Maryland","Chironectes minimus"
"13","Choloepus didactylus","30/04/23","CHODID","Mammalia","Pilosa","Megalonychidae","Choloepus","Choloepus didactylus","Linné's two-toed sloth","Herbivore","Arboreal","LC","",441,"Choloepus","didactylus","Megalonychidae",0,0,0,0,0,0,30,0,0,70,"Ref_1","ABC","Ar","A","",1,0,0,"Ref_1","ABC",5160,"Ref_117",1,"Nowak R.M. (1999). Walker's mammals of the world. Sixth edition edn. The Johns Hopkins University Press, Baltimore, Maryland","Choloepus didactylus"
"14","Coendou prehensilis","30/04/23","COEPRE","Mammalia","Rodentia","Erethizontidae","Coendou","Coendou prehensilis","Brazilian porcupine","Herbivore","Mixed","LC","What are the differences in morphology between this and the streaked dwarf species? I think if its size then at Tiputini that has to be all I've seen...",3019,"Coendou","prehensilis","Erethizontidae",0,0,0,0,0,0,30,0,0,70,"Ref_1","ABC","Ar","A","",1,0,0,"Ref_1","ABC",4399.97,"Ref_117",1,"Nowak R.M. (1999). Walker's mammals of the world. Sixth edition edn. The Johns Hopkins University Press, Baltimore, Maryland","Coendou prehensilis"
"15","Cuniculus paca","30/04/23","CUNPAC","Mammalia","Rodentia","Cuniculidae","Cuniculus","Cuniculus paca","Lowland paca","Herbivore","Terrestrial","LC","",3073,"Cuniculus","paca","Cuniculidae",0,0,0,0,0,0,20,0,30,50,"Ref_1","ABC","G","A","",1,0,0,"Ref_1","ABC",8172.55,"Ref_58",1,"Nowak R.M. (1999). Walker's mammals of the world. Sixth edition edn. The Johns Hopkins University Press, Baltimore, Maryland","Cuniculus paca"
"16","Cyclopes didactylus","30/04/23","CYCDID","Mammalia","Cyclopedidae","Cyclopedidae","Cyclopes","Cyclopes didactylus","Silky anteater","Carnivore","Arboreal","LC","",443,"Cyclopes","didactylus","Cyclopedidae",100,0,0,0,0,0,0,0,0,0,"Ref_1","ABC","Ar","A","",1,0,0,"Ref_1","ABC",329.5,"Ref_117",1,"Nowak R.M. (1999). Walker's mammals of the world. Sixth edition edn. The Johns Hopkins University Press, Baltimore, Maryland","Cyclopes didactylus"
"17","Dasyprocta fuliginosa","30/04/23","DASFUL","Mammalia","Rodentia","Dasyproctidae","Dasyprocta","Dasyprocta fuliginosa","Black agouti","Herbivore","Terrestrial","LC","",3062,"Dasyprocta","fuliginosa","Dasyproctidae",10,0,0,0,0,0,40,0,0,50,"Ref_1","ABC","G","A","",0,1,1,"Ref_1","ABC",3500.02,"Ref_117",1,"Nowak R.M. (1999). Walker's mammals of the world. Sixth edition edn. The Johns Hopkins University Press, Baltimore, Maryland","Dasyprocta fuliginosa"
"18","Dasypus kappleri","30/04/23","DASKAP","Mammalia","Cingulata","Dasypodidae","Dasypus","Dasypus kappleri","Greater long-nosed armadillo","UNK","Terrestrial","LC","",421,"Dasypus","kappleri","Dasypodidae",100,0,0,0,0,0,0,0,0,0,"Ref_1","ABC","G","A","",1,0,0,"Ref_1","ABC",9500,"Ref_117",1,"Nowak R.M. (1999). Walker's mammals of the world. Sixth edition edn. The Johns Hopkins University Press, Baltimore, Maryland","Dasypus kappleri"
"19","Dasypus novemcinctus","30/04/23","DASNOV","Mammalia","Cingulata","Dasypodidae","Dasypus","Dasypus novemcinctus","Nine-banded armadillo","Herbivore","Terrestrial","LC","",420,"Dasypus","novemcinctus","Dasypodidae",100,0,0,0,0,0,0,0,0,0,"Ref_1","ABC","G","A","",1,0,0,"Ref_1","ABC",4203.78,"Ref_117",1,"Nowak R.M. (1999). Walker's mammals of the world. Sixth edition edn. The Johns Hopkins University Press, Baltimore, Maryland","Dasypus novemcinctus"
"20","Didelphis marsupialis","30/04/23","DIDMAR","Mammalia","Didelphimorpha","Didelphidae","Didelphis","Didelphis marsupialis","Common opossum","Omnivore","Mixed","LC","START HERE",14,"Didelphis","marsupialis","Didelphidae",20,0,0,0,30,30,0,0,0,20,"Ref_1","ABC","S","A","",1,0,0,"Ref_1","ABC",1091.16,"Ref_117",1,"Nowak R.M. (1999). Walker's mammals of the world. Sixth edition edn. The Johns Hopkins University Press, Baltimore, Maryland","Didelphis marsupialis"
"21","Echimys saturnus","30/04/23","ECHSAT","Mammalia","Rodentia","Echimyidae","Echimys","Echimys saturnus","Dark spiny tree-rat","Herbivore","Arboreal","DD","",2943,"Echimys","saturnus","Echimyidae",0,0,0,0,0,0,80,0,0,20,"Ref_1","ABC","Ar","A","",1,0,0,"Ref_1","ABC",626.9,"Ref_117",1,"Nowak R.M. (1999). Walker's mammals of the world. Sixth edition edn. The Johns Hopkins University Press, Baltimore, Maryland","Echimys saturnus"
"22","Eira barbara","30/04/23","EIRBAR","Mammalia","Carnivora","Procyonidae","Eira","Eira barbara","Tayra","Herbivore","Mixed","LC","",4985,"Eira","barbara","Mustelidae",0,90,0,0,0,0,10,0,0,0,"Ref_1","ABC","G","A","",1,1,1,"Ref_1","ABC",3910.03,"Ref_117",1,"Nowak R.M. (1999). Walker's mammals of the world. Sixth edition edn. The Johns Hopkins University Press, Baltimore, Maryland","Eira barbara"
"23","Glironia venusta","30/04/23","GILVEN","Mammalia","Didelphimorpha","Didelphidae","Glironia","Glironia venusta","Bushy-tailed opossum","Omnivore","Mixed","LC","",10,"Glironia","venusta","Didelphidae",40,0,0,0,20,0,20,0,20,0,"Ref_1","ABC","Ar","A","",1,0,0,"Ref_1","ABC",114,"Ref_117",1,"Nowak R.M. (1999). Walker's mammals of the world. Sixth edition edn. The Johns Hopkins University Press, Baltimore, Maryland","Glironia venusta"
"24","Holochilus sciureus","30/04/23","HOLSCI","Mammalia","Rodentia","Cricetidae","Holochilus","Holochilus sciureus","Amazonian marsh rat","Herbivore","Terrestrial","LC","Might not be in TF because it likes marshy habitat nesting in rice and sugarcane marsh mostly",1773,"Holochilus","sciureus","Cricetidae",10,0,0,0,0,0,0,0,0,90,"Ref_1","ABC","G","A","",1,0,0,"Ref_1","ABC",170.96,"Ref_117",1,"Nowak R.M. (1999). Walker's mammals of the world. Sixth edition edn. The Johns Hopkins University Press, Baltimore, Maryland","Holochilus sciureus"
"25","Hydrochoerus hydrochaeris","30/04/23","HYDHYD","Mammalia","Rodentia","Caviidae","Hydrochoerus","Hydrochoerus hydrochaeris","Capybara","Herbivore","Terrestrial","LC","",3055,"Hydrochoerus","hydrochaeris","Caviidae",0,0,0,0,0,0,10,0,0,90,"Ref_1","ABC","G","A","",0,0,1,"Ref_1","ABC",48144.91,"Ref_58",1,"Nowak R.M. (1999). Walker's mammals of the world. Sixth edition edn. The Johns Hopkins University Press, Baltimore, Maryland","Hydrochoerus hydrochaeris"
"26","Isothrix bistriata","30/04/23","ISOBIS","Mammalia","Rodentia","Echimyidae","Isothrix","Isothrix bistriata","Yellow-crowned Brush-tailed rat","Herbivore","UNK","LC","",2947,"Isothrix","bistriata","Echimyidae",0,0,0,0,0,0,30,0,20,50,"Ref_3","D2","G","A","",1,0,0,"Ref_1","ABC",445,"Ref_117",1,"Family Average","Isothrix bistriata"
"27","Lagothrix lagotricha","30/04/23","LAGLAG","Mammalia","Primata","Atelidae","Lagothrix","Lagothrix lagothricha","Common woolly monkey","Herbivore","Arboreal","VU","",622,"Lagothrix","lagotricha","Atelidae",10,0,0,0,0,0,70,0,10,10,"Ref_1","ABC","Ar","A","",0,0,1,"Ref_1","ABC",6299.99,"Ref_117",1,"Nowak R.M. (1999). Walker's mammals of the world. Sixth edition edn. The Johns Hopkins University Press, Baltimore, Maryland","Lagothrix lagothricha"
"28","Leopardus pardalis","30/04/23","LEOPAR","Mammalia","Carnivora","Felidae","Leopardus","Leopardus pardalis","Ocelot","Carnivore","Mixed","LC","",4804,"Leopardus","pardalis","Felidae",0,70,20,10,0,0,0,0,0,0,"Ref_1","ABC","G","A","",1,0,0,"Ref_1","ABC",11900.08,"Ref_117",1,"Nowak R.M. (1999). Walker's mammals of the world. Sixth edition edn. The Johns Hopkins University Press, Baltimore, Maryland","Leopardus pardalis"
"29","Leopardus tigrinus","30/04/23","LEOTIG","Mammalia","Carnivora","Felidae","Leopardus","Leopardus tigrinus","Oncilla","Carnivore","Mixed","VU","Added by me as was not in the list extracted from SWING et al and the IUCN search",4803,"Leopardus","tigrinus","Felidae",0,100,0,0,0,0,0,0,0,0,"Ref_42","ABC","S","B","",1,1,1,"Ref_2","D1",2250,"Ref_117",1,"Gardner, A. 1971. Notes on the little spotted cat, Felis tigrina oncilla (Thomas) in Costa Rica. Journal of Mammalogy, 52: 464-465","Leopardus tigrinus"
"30","Leopardus wiedii","30/04/23","LEOWIE","Mammalia","Carnivora","Felidae","Leopardus","Leopardus wiedii","Margay","Herbivore","Mixed","NT","",4805,"Leopardus","wiedii","Felidae",0,80,0,0,0,0,20,0,0,0,"Ref_1","ABC","S","A","",1,1,0,"Ref_1","ABC",3249.97,"Ref_117",1,"Nowak R.M. (1999). Walker's mammals of the world. Sixth edition edn. The Johns Hopkins University Press, Baltimore, Maryland","Leopardus wiedii"
"31","Makalata macrura","30/04/23","MAKMAC","Mammalia","Rodentia","Echimyidae","Makalata","Makalata macrura","Long-tailed armored tree-rat","Herbivore","Arboreal","LC","Slightly outside of range on IUCN, GBIF points also outside the area",2951,"Makalata","macrura","Echimyidae",0,0,0,0,0,0,80,0,0,20,"Ref_1","ABC","S","A","",1,0,0,"Ref_1","ABC",439,"Ref_58",1,"Nowak R.M. (1999). Walker's mammals of the world. Sixth edition edn. The Johns Hopkins University Press, Baltimore, Maryland","Makalata macrura"
"32","Makalata occasius","30/04/23","PATOCC","Mammalia","Rodentia","Echimyidae","Pattonomys","Pattonomys occasius","Bare-tailed armored tree-rat","Herbivore","Arboreal","DD","IUCN range unknown",2950,"Makalata","occasius","Echimyidae",0,0,0,0,0,0,80,0,0,20,"Ref_2","D1","S","A","",1,0,0,"Ref_1","ABC",322.29,"Ref_2, Ref_3",0,"Genus Average","Makalata occasius"
"33","Marmosa murina","30/04/23","MARMUR","Mammalia","Didelphimorpha","Didelphidae","Marmosa","Marmosa murina","Linnaeus's mouse opossum","Omnivore","Mixed","LC","Previously Marmosa waterhousi but this is now the subspecies classification",30,"Marmosa","murina","Didelphidae",40,10,10,0,10,0,30,0,0,0,"Ref_1","ABC","Ar","A","",1,0,0,"Ref_1","ABC",26,"Ref_117",1,"Nowak R.M. (1999). Walker's mammals of the world. Sixth edition edn. The Johns Hopkins University Press, Baltimore, Maryland","Marmosa murina"
"34","Marmosa rubra","30/04/23","MARRUB","Mammalia","Didelphimorpha","Didelphidae","Marmosa","Marmosa rubra","Red mouse opossum","Omnivore","Mixed","DD","",33,"Marmosa","rubra","Didelphidae",40,10,10,0,10,0,30,0,0,0,"Ref_1","ABC","Ar","A","",1,0,0,"Ref_1","ABC",63,"Ref_117",1,"Nowak R.M. (1999). Walker's mammals of the world. Sixth edition edn. The Johns Hopkins University Press, Baltimore, Maryland","Marmosa rubra"
"35","Marmosops noctivagus","30/04/23","MARNOC","Mammalia","Didelphimorpha","Didelphidae","Marmosops","Marmosops noctivagus","White-bellied slender mouse opossum","Omnivore","Mixed","LC","",44,"Marmosops","noctivagus","Didelphidae",50,0,0,0,0,0,50,0,0,0,"Ref_1","ABC","Ar","A","",1,0,0,"Ref_1","ABC",21,"Ref_117",1,"Nowak R.M. (1999). Walker's mammals of the world. Sixth edition edn. The Johns Hopkins University Press, Baltimore, Maryland","Marmosops noctivagus"
"36","Mazama americana","30/04/23","MAZAME","Mammalia","Artiodactyla","Cervidae","Mazama","Mazama americana","Red broket deer","Herbivore","Terrestrial","DD","",5289,"Mazama","americana","Cervidae",0,0,0,0,0,0,0,0,20,80,"Ref_1","ABC","G","A","",1,1,1,"Ref_1","ABC",22799.75,"Ref_117",1,"Nowak R.M. (1999). Walker's mammals of the world. Sixth edition edn. The Johns Hopkins University Press, Baltimore, Maryland","Mazama americana"
"37","Mazama gouazoubira","30/04/23","MAZNEM","Mammalia","Artiodactyla","Cervidae","Mazama","Mazama nemorivaga","Amazonian brown broket deer","Herbivore","Terrestrial","LC","",5293,"Mazama","gouazoubira","Cervidae",0,0,0,0,0,0,30,0,20,50,"Ref_1","ABC","G","A","",1,1,1,"Ref_1","ABC",16633.17,"Ref_58",1,"Nowak R.M. (1999). Walker's mammals of the world. Sixth edition edn. The Johns Hopkins University Press, Baltimore, Maryland","Mazama gouazoubira"
"38","Mesomys hispidus","30/04/23","MESHIS","Mammalia","Rodentia","Echimyidae","Mesomys","Mesomys hispidus","Ferreira's spiny tree-rat","Herbivore","Arboreal","LC","",2961,"Mesomys","hispidus","Echimyidae",0,0,0,0,0,0,30,0,20,50,"Ref_3","D2","Ar","A","",1,0,0,"Ref_1","ABC",175,"Ref_117",1,"Family Average","Mesomys hispidus"
"39","Micoureus regina","30/04/23","MARREG","Mammalia","Didelphimorpha","Didelphidae","Marmosa","Marmosa regina","Short-furred woolly mouse opossum","Omnivore","Mixed","LC","",55,"Micoureus","regina","Didelphidae",90,0,0,0,0,0,10,0,0,0,"Ref_1","ABC","S","A","",1,0,0,"Ref_1","ABC",118.6,"Ref_117",1,"Nowak R.M. (1999). Walker's mammals of the world. Sixth edition edn. The Johns Hopkins University Press, Baltimore, Maryland","Micoureus regina"
"40","Microsciurus flaviventer","30/04/23","MICFLA","Mammalia","Rodentia","Sciuridae","Microsciurus","Microsciurus flaviventer","Amazon dwarf squirrel","Herbivore","Mixed","LC","",854,"Microsciurus","flaviventer","Sciuridae",0,0,0,0,0,0,50,0,50,0,"Ref_1","ABC","Ar","A","",0,0,1,"Ref_1","ABC",92,"Ref_117",1,"Nowak R.M. (1999). Walker's mammals of the world. Sixth edition edn. The Johns Hopkins University Press, Baltimore, Maryland","Microsciurus flaviventer"
"41","Monodelphis adusta","30/04/23","MONADU","Mammalia","Didelphimorpha","Didelphidae","Monodelphis","Monodelphis adusta","Sepia short-tailed opossum","Omnivore","Mixed","LC","",75,"Monodelphis","adusta","Didelphidae",20,20,0,0,0,20,20,0,20,0,"Ref_1","ABC","G","A","",1,0,0,"Ref_1","ABC",35,"Ref_117",1,"Nowak R.M. (1999). Walker's mammals of the world. Sixth edition edn. The Johns Hopkins University Press, Baltimore, Maryland","Monodelphis adusta"
"42","Myoprocta pratti","30/04/23","MYOPRA","Mammalia","Rodentia","Dasyproctidae","Myoprocta","Myoprocta pratti","Green acouchi","Herbivore","Terrestrial","LC","",3070,"Myoprocta","pratti","Dasyproctidae",20,0,0,0,0,0,40,0,0,40,"Ref_2","D1","G","A","",0,0,1,"Ref_1","ABC",966.73,"Ref_58",1,"Genus Average","Myoprocta pratti"
"43","Myrmecophaga tridactyla","30/04/23","MYRTRI","Mammalia","Pilosa","Myrmecophagidae","Myrmecophaga","Myrmecophaga tridactyla","Giant ant eater","Omnivore","Terrestrial","VU","https://www.iucnredlist.org/species/14224/47441961",444,"Myrmecophaga","tridactyla","Myrmecophagidae",100,0,0,0,0,0,0,0,0,0,"Ref_1","ABC","G","A","",1,1,1,"Ref_1","ABC",22333.15,"Ref_117",1,"Nowak R.M. (1999). Walker's mammals of the world. Sixth edition edn. The Johns Hopkins University Press, Baltimore, Maryland","Myrmecophaga tridactyla"
"44","Nasua nasua","30/04/23","NASNAS","Mammalia","Carnivora","Procyonidae","Nasua","Nasua nasua","South American coati","Omnivore","Mixed","LC","",5070,"Nasua","nasua","Procyonidae",10,20,0,0,0,0,70,0,0,0,"Ref_1","ABC","S","A","",0,0,1,"Ref_1","ABC",3793.85,"Ref_117",1,"Nowak R.M. (1999). Walker's mammals of the world. Sixth edition edn. The Johns Hopkins University Press, Baltimore, Maryland","Nasua nasua"
"45","Neacomys spinosus","30/04/23","NEASPI","Mammalia","Rodentia","Cricetidae","Neacomys","Neacomys spinosus","Common neacomys","Herbivore","UNK","LC","",1788,"Neacomys","spinosus","Cricetidae",20,0,0,0,0,0,20,0,20,40,"Ref_1","ABC","G","A","",1,0,0,"Ref_1","ABC",19,"Ref_117",1,"Nowak R.M. (1999). Walker's mammals of the world. Sixth edition edn. The Johns Hopkins University Press, Baltimore, Maryland","Neacomys spinosus"
"46","Nectomys apicalis","30/04/23","NECAPI","Mammalia","Rodentia","Cricetidae","Nectomys","Nectomys apicalis","Western Amazonian nectomys","Herbivore","UNK","LC","",1801,"Nectomys","apicalis","Cricetidae",30,0,20,20,0,0,0,0,0,30,"Ref_1","ABC","G","A","",1,0,0,"Ref_1","ABC",217.85,"Ref_2, Ref_3",0,"Nowak R.M. (1999). Walker's mammals of the world. Sixth edition edn. The Johns Hopkins University Press, Baltimore, Maryland","Nectomys apicalis"
"47","Oecomys bicolor","30/04/23","OECBIC","Mammalia","Rodentia","Cricetidae","Oecomys","Oecomys bicolor","White-bellied arboreal mouse","Herbivore","Arboreal","LC","Probably one of our arboreal mouse genus?",1827,"Oecomys","bicolor","Cricetidae",0,0,0,0,0,0,50,0,50,0,"Ref_34","ABC","G","A","",1,0,0,"Ref_1","ABC",34,"Ref_117",1,"Emmons L.H. & F. Feer. 1997. Neotropical Rain Forest Mammals, a Field Guide. 2da ed. The 
University of Chicago Press. 281 pp","Oecomys bicolor"
"48","Oecomys concolor","30/04/23","OECCON","Mammalia","Rodentia","Cricetidae","Oecomys","Oecomys concolor","Unicolored arboreal mouse","Herbivore","Arboreal","LC","Probably one of our arboreal mouse genus?",1829,"Oecomys","concolor","Cricetidae",0,0,0,0,0,0,50,0,50,0,"Ref_1","ABC","G","A","",1,0,0,"Ref_2","D1",61.55,"Ref_117",1,"Nowak R.M. (1999). Walker's mammals of the world. Sixth edition edn. The Johns Hopkins University Press, Baltimore, Maryland","Oecomys concolor"
"49","Oecomys superans","30/04/23","OECSUP","Mammalia","Rodentia","Cricetidae","Oecomys","Oecomys superans","Large oecomys","Herbivore","Arboreal","LC","",1831,"Oecomys","superans","Cricetidae",0,0,0,0,0,0,50,0,50,0,"Ref_1","ABC","G","A","",1,0,0,"Ref_2","D1",73.4,"Ref_117",1,"Nowak R.M. (1999). Walker's mammals of the world. Sixth edition edn. The Johns Hopkins University Press, Baltimore, Maryland","Oecomys superans"
"50","Oligoryzomys fulvescens","30/04/23","OLIFUL","Mammalia","Rodentia","Cricetidae","Oligoryzomys","Oligoryzomys fulvescens","Northern pygmy rice rat","Herbivore","Terrestrial","LC","",1834,"Oligoryzomys","fulvescens","Cricetidae",30,0,0,0,0,0,30,0,40,0,"Ref_1","ABC","G","A","",1,0,0,"Ref_1","ABC",25,"Ref_117",1,"Nowak R.M. (1999). Walker's mammals of the world. Sixth edition edn. The Johns Hopkins University Press, Baltimore, Maryland","Oligoryzomys fulvescens"
"51","Oryzomys macconnelli","30/04/23","EURMAC","Mammalia","Rodentia","Cricetidae","Euryoryzomys","Euryoryzomys macconnelli","MacConnell's rice rat","Herbivore","Terrestrial","LC","",1888,"Oryzomys","macconnelli","Cricetidae",20,0,0,0,0,0,20,0,20,40,"Ref_1","ABC","G","A","",1,1,1,"Ref_1","ABC",58,"Ref_117",1,"Nowak R.M. (1999). Walker's mammals of the world. Sixth edition edn. The Johns Hopkins University Press, Baltimore, Maryland","Euryoryzomys macconnelli"
"52","Oryzomys yunganus","30/04/23","HYLYUN","Mammalia","Rodentia","Cricetidae","Hylaeamys","Hylaeamys yunganus","Yungas rice rat","Herbivore","Terrestrial","LC","Might not be in TF because it likes marshy habitat nesting in rice and sugarcane marsh mostly",1856,"Oryzomys","yunganus","Cricetidae",20,0,0,0,0,0,20,0,20,40,"Ref_1","ABC","G","A","",1,1,1,"Ref_1","ABC",60.5,"Ref_117",1,"Nowak R.M. (1999). Walker's mammals of the world. Sixth edition edn. The Johns Hopkins University Press, Baltimore, Maryland","Hylaeamys yunganus"
"53","Panthera onca","30/04/23","PANONC","Mammalia","Carnivora","Felidae","Panthera","Panthera onca","Jaguar","Carnivore","Mixed","NT","",4828,"Panthera","onca","Felidae",0,80,10,10,0,0,0,0,0,0,"Ref_1","ABC","G","A","",1,1,1,"Ref_1","ABC",1e+05,"Ref_117",1,"Nowak R.M. (1999). Walker's mammals of the world. Sixth edition edn. The Johns Hopkins University Press, Baltimore, Maryland","Panthera onca"
"54","Pecari tajacu","30/04/23","PECTAJ","Mammalia","Artiodactyla","Tayassuidae","Pecari","Pecari tajacu","Collared peccary","Herbivore","Terrestrial","LC","",5115,"Pecari","tajacu","Tayassuidae",10,0,20,0,0,0,10,0,0,60,"Ref_1","ABC","G","A","",1,1,0,"Ref_1","ABC",21266.69,"Ref_117",1,"Nowak R.M. (1999). Walker's mammals of the world. Sixth edition edn. The Johns Hopkins University Press, Baltimore, Maryland","Pecari tajacu"
"55","Philander andersoni","30/04/23","PHIAND","Mammalia","Didelphimorpha","Didelphidae","Philander","Philander andersoni","Anderson's four-eyed opossum","Omnivore","Mixed","LC","",78,"Philander","andersoni","Didelphidae",30,30,20,0,10,0,10,0,0,0,"Ref_1","ABC","S","A","",1,1,1,"Ref_1","ABC",325,"Ref_117",1,"Nowak R.M. (1999). Walker's mammals of the world. Sixth edition edn. The Johns Hopkins University Press, Baltimore, Maryland","Philander andersoni"
"56","Pithecia monachus","30/04/23","PITNAP","Mammalia","Primata","Pitheciidae","Pithecia","Pithecia napensis","Napo saki monkey","Herbivore","Arboreal","LC","Marsh, L.K., de la Torre, S. & Moscoso, P. 2018. Pithecia napensis. The IUCN Red List of Threatened Species 2018: e.T39955A70609585. https://dx.doi.org/10.2305/IUCN.UK.2018-2.RLTS.T39955A70609585.en. Accessed on 19 May 2023.",684,"Pithecia","monachus","Pitheciidae",0,30,0,0,0,0,30,10,0,30,"Ref_1","ABC","Ar","A","",0,0,1,"Ref_1","ABC",1537.52,"Ref_117",1,"Nowak R.M. (1999). Walker's mammals of the world. Sixth edition edn. The Johns Hopkins University Press, Baltimore, Maryland","Cercopithecus mona"
"57","Potos flavus","30/04/23","POTFLA","Mammalia","Carnivora","Procyonidae","Potos","Potos flavus","Kinkajou","Omnivore","Mixed","LC","",5073,"Potos","flavus","Procyonidae",10,0,0,0,10,0,80,0,0,0,"Ref_1","ABC","Ar","A","",1,0,0,"Ref_1","ABC",3000,"Ref_117",1,"Nowak R.M. (1999). Walker's mammals of the world. Sixth edition edn. The Johns Hopkins University Press, Baltimore, Maryland","Potos flavus"
"58","Priodontes maximus","30/04/23","PRIMAX","Mammalia","Cingulata","Chlamyphoridae","Priodontes","Priodontes maximus","Giant armadillo","Herbivore","Terrestrial","VU","",434,"Priodontes","maximus","Dasypodidae",90,0,0,0,10,0,0,0,0,0,"Ref_1","ABC","G","A","",1,0,0,"Ref_1","ABC",45359.68,"Ref_117",1,"Nowak R.M. (1999). Walker's mammals of the world. Sixth edition edn. The Johns Hopkins University Press, Baltimore, Maryland","Priodontes maximus"
"59","Procyon cancrivorus","30/04/23","PROCAN","Mammalia","Carnivora","Procyonidae","Procyon","Procyon cancrivorus","Crab-eating racoon","Herbivore","Terrestrial","LC","",5074,"Procyon","cancrivorus","Procyonidae",50,0,10,20,0,0,10,0,10,0,"Ref_1","ABC","G","A","",1,0,0,"Ref_1","ABC",6949.92,"Ref_117",1,"Nowak R.M. (1999). Walker's mammals of the world. Sixth edition edn. The Johns Hopkins University Press, Baltimore, Maryland","Procyon cancrivorus"
"60","Proechimys brevicauda","30/04/23","PROBRE","Mammalia","Rodentia","Echimyidae","Proechimys","Proechimys brevicauda","The short-tailed spiny-rat ","Herbivore","UNK","LC","",2988,"Proechimys","brevicauda","Echimyidae",0,0,0,0,0,0,20,0,10,70,"Ref_1","ABC","G","A","",1,0,0,"Ref_1","ABC",285,"Ref_117",1,"Nowak R.M. (1999). Walker's mammals of the world. Sixth edition edn. The Johns Hopkins University Press, Baltimore, Maryland","Proechimys brevicauda"
"61","Proechimys quadruplicatus","30/04/23","PROQUA","Mammalia","Rodentia","Echimyidae","Proechimys","Proechimys quadruplicatus","Napo spiny rat","Herbivore","UNK","LC","",2976,"Proechimys","quadruplicatus","Echimyidae",0,0,0,0,0,0,20,0,10,70,"Ref_1","ABC","G","A","",1,0,0,"Ref_1","ABC",285,"Ref_117",1,"Nowak R.M. (1999). Walker's mammals of the world. Sixth edition edn. The Johns Hopkins University Press, Baltimore, Maryland","Proechimys quadruplicatus"
"62","Proechimys simonsi","30/04/23","PROSIM","Mammalia","Rodentia","Echimyidae","Proechimys","Proechimys simonsi","Simons's spiny rat","Herbivore","UNK","LC","",2970,"Proechimys","simonsi","Echimyidae",0,0,0,0,0,0,20,0,10,70,"Ref_1","ABC","G","A","",1,0,0,"Ref_1","ABC",285,"Ref_117",1,"Nowak R.M. (1999). Walker's mammals of the world. Sixth edition edn. The Johns Hopkins University Press, Baltimore, Maryland","Proechimys simonsi"
"63","Puma concolor","30/04/23","PUMCON","Mammalia","Carnivora","Felidae","Puma","Puma concolor","Puma","Carnivore","Mixed","LC","",4824,"Puma","concolor","Felidae",0,100,0,0,0,0,0,0,0,0,"Ref_1","ABC","G","A","",1,1,1,"Ref_1","ABC",51600.04,"Ref_117",1,"Nowak R.M. (1999). Walker's mammals of the world. Sixth edition edn. The Johns Hopkins University Press, Baltimore, Maryland","Puma concolor"
"64","Puma yagouaroundi","30/04/23","HERYAG","Mammalia","Carnivora","Felidae","Herpailurus","Herpailurus yagouaroundi","Jaguarundi","Carnivore","Mixed","LC","previously in the genus Puma",4823,"Puma","yagouaroundi","Felidae",10,80,0,0,0,0,10,0,0,0,"Ref_110","ABC","G","A","",0,1,1,"Ref_1","ABC",6875,"Ref_58",1,"Wilson & Mittermier. Handbook of the mammals of the world. Lynx edition Vol 1. 2009","Puma yagouaroundi"
"65","Rhipidomys leucodactylus","30/04/23","RHILEU","Mammalia","Rodentia","Cricetidae","Rhipidomys","Rhipidomys leucodactylus","White-footed climbing mouse","Herbivore","Mixed","LC","Probably one of our arboreal mouse genus?",1938,"Rhipidomys","leucodactylus","Cricetidae",20,0,0,0,0,0,30,0,30,20,"Ref_1","ABC","Ar","A","",1,0,0,"Ref_1","ABC",80,"Ref_117",1,"Nowak R.M. (1999). Walker's mammals of the world. Sixth edition edn. The Johns Hopkins University Press, Baltimore, Maryland","Rhipidomys leucodactylus"
"66","Saguinus tripartitus","30/04/23","LEOTRI","Mammalia","Primata","Callitrichidae","Leontocebus","Leontocebus tripartitus","Golden-mantled saddle-back tamarin","Herbivore","Arboreal","NT","Galán‐Acedo, C., Arroyo‐Rodríguez, V., Andresen, E., & Arasa‐Gisbert, R. (2019). Ecological traits of the world’s primates. Scientific Data, 6(1). https://doi.org/10.1038/s41597-019-0059-9",565,"Saguinus","tripartitus","Cebidae",40,0,0,0,0,0,30,30,0,0,"Ref_1","ABC","Ar","A","",0,0,1,"Ref_1","ABC",393.5,"Ref_117",1,"Nowak R.M. (1999). Walker's mammals of the world. Sixth edition edn. The Johns Hopkins University Press, Baltimore, Maryland","Leontocebus tripartitus"
"67","Saimiri sciureus","30/04/23","SAICAS","Mammalia","Primata","Cebidae","Saimiri","Saimiri sciureus","Humboldt's squirrel monkey","Herbivore","Arboreal","LC","",610,"Saimiri","sciureus","Cebidae",20,0,0,0,20,0,20,0,20,20,"Ref_1","ABC","Ar","A","",0,0,1,"Ref_1","ABC",743.24,"Ref_117",1,"Nowak R.M. (1999). Walker's mammals of the world. Sixth edition edn. The Johns Hopkins University Press, Baltimore, Maryland","Saimiri sciureus"
"68","Sciurus igniventris","30/04/23","SCUIGN","Mammalia","Rodentia","Sciuridae","Sciurus","Sciurus igniventris","Northern Amazon red squirrel","Herbivore","Mixed","LC","Previously Hadrosciurus igniventris",883,"Sciurus","igniventris","Sciuridae",0,0,0,0,0,0,20,0,50,30,"Ref_1","ABC","Ar","A","",0,0,1,"Ref_1","ABC",700,"Ref_117",1,"Nowak R.M. (1999). Walker's mammals of the world. Sixth edition edn. The Johns Hopkins University Press, Baltimore, Maryland","Sciurus igniventris"
"69","Sciurus spadiceus","30/04/23","SCISPA","Mammalia","Rodentia","Sciuridae","Sciurus","Sciurus spadiceus","Southern Amazon red squirrel","Herbivore","Mixed","LC","What is the difference between squirrel spp.? Do we even have them in the cameras yet?",882,"Sciurus","spadiceus","Sciuridae",0,0,0,0,0,0,20,0,50,30,"Ref_1","ABC","Ar","A","",0,0,1,"Ref_1","ABC",403.33,"Ref_117",1,"Nowak R.M. (1999). Walker's mammals of the world. Sixth edition edn. The Johns Hopkins University Press, Baltimore, Maryland","Sciurus spadiceus"
"70","Sphiggurus ichillus","30/04/23","COEICH","Mammalia","Rodentia","Erethizontidae","Coendou","Coendou ichillus","Streaked dwarf porcupine","Herbivore","Mixed","DD","IUCN notes it is very uncommon, old name from Wiki",3031,"Sphiggurus","ichillus","Erethizontidae",0,0,0,0,0,0,30,0,0,70,"Ref_2","D1","Ar","A","",1,0,0,"Ref_2","D1",1242.24,"Ref_2, Ref_3",0,"Genus Average","Sphiggurus ichillus"
"71","Tamandua tetradactyla","30/04/23","TAMTET","Mammalia","Pilosa","Myrmecophagidae","Tamandua","Tamandua tetradactyla","Tamandua","Omnivore","Mixed","LC","",446,"Tamandua","tetradactyla","Myrmecophagidae",100,0,0,0,0,0,0,0,0,0,"Ref_1","ABC","S","A","",1,1,1,"Ref_1","ABC",5515.06,"Ref_117",1,"Nowak R.M. (1999). Walker's mammals of the world. Sixth edition edn. The Johns Hopkins University Press, Baltimore, Maryland","Tamandua tetradactyla"
"72","Tapirus terrestris","30/04/23","TAPTER","Mammalia","Perissodactyla","Tapiridae","Tapirus","Tapirus terrestris","Lowland tapir","Herbivore","Terrestrial","VU","",5089,"Tapirus","terrestris","Tapiridae",0,0,0,0,0,0,0,0,0,100,"Ref_1","ABC","G","A","",1,0,0,"Ref_1","ABC",207500.91,"Ref_117",1,"Nowak R.M. (1999). Walker's mammals of the world. Sixth edition edn. The Johns Hopkins University Press, Baltimore, Maryland","Tapirus terrestris"
"73","Tayassu pecari","30/04/23","TAYPEC","Mammalia","Artiodactyla","Tayassuidae","Tayassu","Tayassu pecari","White lipped peccary","Herbivore","Terrestrial","VU","",5116,"Tayassu","pecari","Tayassuidae",10,0,0,0,10,0,30,0,30,20,"Ref_1","ABC","G","A","",1,1,0,"Ref_1","ABC",32233.69,"Ref_117",1,"Nowak R.M. (1999). Walker's mammals of the world. Sixth edition edn. The Johns Hopkins University Press, Baltimore, Maryland","Tayassu pecari"
